2025-09-17_14-07-52,None,draft.py:2025-09-17_14-07-52
2025-09-17_14-40-30,None,draft.py:2025-09-17_14-40-30
2025-09-17_14-43-14,None,draft.py:2025-09-17_14-43-14
2025-09-18_15-14-04,None,draft.py:2025-09-18_15-14-04
2025-09-18_15-15-32,None,draft.py:2025-09-18_15-15-32
2025-09-18_15-23-37,None,draft.py:2025-09-18_15-15-32
2025-09-18_15-24-54,None,draft.py:2025-09-18_15-15-32
2025-09-18_15-26-09,None,draft.py:2025-09-18_15-15-32
2025-09-18_15-26-22,None,draft.py:2025-09-18_15-15-32
2025-09-18_15-27-01,None,draft.py:2025-09-18_15-15-32
2025-09-18_15-33-56,None,draft.py:2025-09-18_15-15-32
2025-09-18_15-36-25,None,draft.py:2025-09-18_15-15-32
